brand,model,tested version, notes
Marantz,AV 10,1.1.3,This app was developed and tested on the AV 10!
Marantz,Model 40N,1.1.3,User Tested
Denon,AVR-X4300H,1.1.3,User Tested
Marantz,AV8805A,1.1.3,User Tested
Marantz,Cinema 50,1.1.3,User Tested
Denon,AVR-S670H,1.1.3,User Tested
Marantz,Model M1,1.1.3,User Tested
Denon,AVC-A110,N/A,Theoretical compatibility (untested): uses the same Denon/Marantz telnet AVR protocol
Denon,AVC-A1H,N/A,Theoretical compatibility (untested): uses the same Denon/Marantz telnet AVR protocol
Denon,AVC-X6700H,N/A,Theoretical compatibility (untested): uses the same Denon/Marantz telnet AVR protocol
Denon,AVC-X8500H,N/A,Theoretical compatibility (untested): uses the same Denon/Marantz telnet AVR protocol
Denon,AVR-A110,N/A,Theoretical compatibility (untested): uses the same Denon/Marantz telnet AVR protocol
Denon,AVR-A1H,N/A,Theoretical compatibility (untested): uses the same Denon/Marantz telnet AVR protocol
Denon,AVR-E300,N/A,"Theoretical compatibility (untested): uses the same Denon/Marantz telnet AVR protocol; older generation, some commands may differ"
Denon,AVR-E400,N/A,"Theoretical compatibility (untested): uses the same Denon/Marantz telnet AVR protocol; older generation, some commands may differ"
Denon,AVR-S570BT,N/A,Theoretical compatibility (untested): uses the same Denon/Marantz telnet AVR protocol
Denon,AVR-S650H,N/A,Theoretical compatibility (untested): uses the same Denon/Marantz telnet AVR protocol
Denon,AVR-S660H,N/A,Theoretical compatibility (untested): uses the same Denon/Marantz telnet AVR protocol
Denon,AVR-S760H,N/A,Theoretical compatibility (untested): uses the same Denon/Marantz telnet AVR protocol
Denon,AVR-S960H,N/A,Theoretical compatibility (untested): uses the same Denon/Marantz telnet AVR protocol
Denon,AVR-S970H,N/A,Theoretical compatibility (untested): uses the same Denon/Marantz telnet AVR protocol
Denon,AVR-X1000,N/A,"Theoretical compatibility (untested): uses the same Denon/Marantz telnet AVR protocol; older generation, some commands may differ"
Denon,AVR-X1100W,N/A,"Theoretical compatibility (untested): uses the same Denon/Marantz telnet AVR protocol; older generation, some commands may differ"
Denon,AVR-X1200W,N/A,"Theoretical compatibility (untested): uses the same Denon/Marantz telnet AVR protocol; older generation, some commands may differ"
Denon,AVR-X1300W,N/A,Theoretical compatibility (untested): uses the same Denon/Marantz telnet AVR protocol
Denon,AVR-X1400H,N/A,Theoretical compatibility (untested): uses the same Denon/Marantz telnet AVR protocol
Denon,AVR-X1500H,N/A,Theoretical compatibility (untested): uses the same Denon/Marantz telnet AVR protocol
Denon,AVR-X1700H,N/A,Theoretical compatibility (untested): uses the same Denon/Marantz telnet AVR protocol
Denon,AVR-X1800H,N/A,Theoretical compatibility (untested): uses the same Denon/Marantz telnet AVR protocol
Denon,AVR-X2000,N/A,"Theoretical compatibility (untested): uses the same Denon/Marantz telnet AVR protocol; older generation, some commands may differ"
Denon,AVR-X2100W,N/A,"Theoretical compatibility (untested): uses the same Denon/Marantz telnet AVR protocol; older generation, some commands may differ"
Denon,AVR-X2200W,N/A,"Theoretical compatibility (untested): uses the same Denon/Marantz telnet AVR protocol; older generation, some commands may differ"
Denon,AVR-X2300W,N/A,Theoretical compatibility (untested): uses the same Denon/Marantz telnet AVR protocol
Denon,AVR-X2400H,N/A,Theoretical compatibility (untested): uses the same Denon/Marantz telnet AVR protocol
Denon,AVR-X2500H,N/A,Theoretical compatibility (untested): uses the same Denon/Marantz telnet AVR protocol
Denon,AVR-X2700H,N/A,Theoretical compatibility (untested): uses the same Denon/Marantz telnet AVR protocol
Denon,AVR-X2800H,N/A,Theoretical compatibility (untested): uses the same Denon/Marantz telnet AVR protocol
Denon,AVR-X3000,N/A,"Theoretical compatibility (untested): uses the same Denon/Marantz telnet AVR protocol; older generation, some commands may differ"
Denon,AVR-X3100W,N/A,"Theoretical compatibility (untested): uses the same Denon/Marantz telnet AVR protocol; older generation, some commands may differ"
Denon,AVR-X3200W,N/A,"Theoretical compatibility (untested): uses the same Denon/Marantz telnet AVR protocol; older generation, some commands may differ"
Denon,AVR-X3300W,N/A,Theoretical compatibility (untested): uses the same Denon/Marantz telnet AVR protocol
Denon,AVR-X3400H,N/A,Theoretical compatibility (untested): uses the same Denon/Marantz telnet AVR protocol
Denon,AVR-X3500H,N/A,Theoretical compatibility (untested): uses the same Denon/Marantz telnet AVR protocol
Denon,AVR-X3700H,N/A,Theoretical compatibility (untested): uses the same Denon/Marantz telnet AVR protocol
Denon,AVR-X3800H,N/A,Theoretical compatibility (untested): uses the same Denon/Marantz telnet AVR protocol
Denon,AVR-X4000,N/A,"Theoretical compatibility (untested): uses the same Denon/Marantz telnet AVR protocol; older generation, some commands may differ"
Denon,AVR-X4100W,N/A,"Theoretical compatibility (untested): uses the same Denon/Marantz telnet AVR protocol; older generation, some commands may differ"
Denon,AVR-X4200W,N/A,"Theoretical compatibility (untested): uses the same Denon/Marantz telnet AVR protocol; older generation, some commands may differ"
Denon,AVR-X4400H,N/A,Theoretical compatibility (untested): uses the same Denon/Marantz telnet AVR protocol
Denon,AVR-X4500H,N/A,Theoretical compatibility (untested): uses the same Denon/Marantz telnet AVR protocol
Denon,AVR-X4700H,N/A,Theoretical compatibility (untested): uses the same Denon/Marantz telnet AVR protocol
Denon,AVR-X4800H,N/A,Theoretical compatibility (untested): uses the same Denon/Marantz telnet AVR protocol
Denon,AVR-X5200W,N/A,"Theoretical compatibility (untested): uses the same Denon/Marantz telnet AVR protocol; older generation, some commands may differ"
Denon,AVR-X540BT,N/A,Theoretical compatibility (untested): uses the same Denon/Marantz telnet AVR protocol
Denon,AVR-X580BT,N/A,Theoretical compatibility (untested): uses the same Denon/Marantz telnet AVR protocol
Denon,AVR-X6300H,N/A,Theoretical compatibility (untested): uses the same Denon/Marantz telnet AVR protocol
Denon,AVR-X6400H,N/A,Theoretical compatibility (untested): uses the same Denon/Marantz telnet AVR protocol
Denon,AVR-X6500H,N/A,Theoretical compatibility (untested): uses the same Denon/Marantz telnet AVR protocol
Denon,AVR-X6700H,N/A,Theoretical compatibility (untested): uses the same Denon/Marantz telnet AVR protocol
Denon,AVR-X6800H,N/A,Theoretical compatibility (untested): uses the same Denon/Marantz telnet AVR protocol
Denon,AVR-X7200W,N/A,"Theoretical compatibility (untested): uses the same Denon/Marantz telnet AVR protocol; older generation, some commands may differ"
Denon,AVR-X8500H,N/A,Theoretical compatibility (untested): uses the same Denon/Marantz telnet AVR protocol
Marantz,AV7703,N/A,Theoretical compatibility (untested): uses the same Denon/Marantz telnet AVR protocol
Marantz,AV7705,N/A,Theoretical compatibility (untested): uses the same Denon/Marantz telnet AVR protocol
Marantz,AV7706,N/A,Theoretical compatibility (untested): uses the same Denon/Marantz telnet AVR protocol
Marantz,AV8801,N/A,"Theoretical compatibility (untested): uses the same Denon/Marantz telnet AVR protocol; older generation, some commands may differ"
Marantz,AV8802A,N/A,"Theoretical compatibility (untested): uses the same Denon/Marantz telnet AVR protocol; older generation, some commands may differ"
Marantz,Cinema 30,N/A,Theoretical compatibility (untested): uses the same Denon/Marantz telnet AVR protocol
Marantz,Cinema 40,N/A,Theoretical compatibility (untested): uses the same Denon/Marantz telnet AVR protocol
Marantz,Cinema 60,N/A,Theoretical compatibility (untested): uses the same Denon/Marantz telnet AVR protocol
Marantz,Cinema 70s,N/A,Theoretical compatibility (untested): uses the same Denon/Marantz telnet AVR protocol
Marantz,M-CR511,N/A,"Theoretical compatibility (untested): uses the same Denon/Marantz telnet AVR protocol; network streaming amp, feature set may be limited vs. AV receivers"
Marantz,M-CR612,N/A,"Theoretical compatibility (untested): uses the same Denon/Marantz telnet AVR protocol; network streaming amp, feature set may be limited vs. AV receivers"
Marantz,Model 30,N/A,"Theoretical compatibility (untested): uses the same Denon/Marantz telnet AVR protocol; network streaming amp, feature set may be limited vs. AV receivers"
Marantz,NR1200,N/A,"Theoretical compatibility (untested): uses the same Denon/Marantz telnet AVR protocol; network streaming amp, feature set may be limited vs. AV receivers"
Marantz,NR1605,N/A,"Theoretical compatibility (untested): uses the same Denon/Marantz telnet AVR protocol; older generation, some commands may differ"
Marantz,NR1606,N/A,"Theoretical compatibility (untested): uses the same Denon/Marantz telnet AVR protocol; older generation, some commands may differ"
Marantz,NR1607,N/A,Theoretical compatibility (untested): uses the same Denon/Marantz telnet AVR protocol
Marantz,NR1608,N/A,Theoretical compatibility (untested): uses the same Denon/Marantz telnet AVR protocol
Marantz,NR1609,N/A,Theoretical compatibility (untested): uses the same Denon/Marantz telnet AVR protocol
Marantz,NR1710,N/A,Theoretical compatibility (untested): uses the same Denon/Marantz telnet AVR protocol
Marantz,NR1711,N/A,Theoretical compatibility (untested): uses the same Denon/Marantz telnet AVR protocol
Marantz,PM7000N,N/A,"Theoretical compatibility (untested): uses the same Denon/Marantz telnet AVR protocol; network streaming amp, feature set may be limited vs. AV receivers"
Marantz,PM8006,N/A,"Theoretical compatibility (untested): uses the same Denon/Marantz telnet AVR protocol; network streaming amp, feature set may be limited vs. AV receivers"
Marantz,SR5010,N/A,"Theoretical compatibility (untested): uses the same Denon/Marantz telnet AVR protocol; older generation, some commands may differ"
Marantz,SR5011,N/A,"Theoretical compatibility (untested): uses the same Denon/Marantz telnet AVR protocol; older generation, some commands may differ"
Marantz,SR5012,N/A,"Theoretical compatibility (untested): uses the same Denon/Marantz telnet AVR protocol; older generation, some commands may differ"
Marantz,SR5013,N/A,"Theoretical compatibility (untested): uses the same Denon/Marantz telnet AVR protocol; older generation, some commands may differ"
Marantz,SR5014,N/A,Theoretical compatibility (untested): uses the same Denon/Marantz telnet AVR protocol
Marantz,SR5015,N/A,Theoretical compatibility (untested): uses the same Denon/Marantz telnet AVR protocol
Marantz,SR6010,N/A,"Theoretical compatibility (untested): uses the same Denon/Marantz telnet AVR protocol; older generation, some commands may differ"
Marantz,SR6012,N/A,"Theoretical compatibility (untested): uses the same Denon/Marantz telnet AVR protocol; older generation, some commands may differ"
Marantz,SR6013,N/A,User Tested
Marantz,SR6014,N/A,Theoretical compatibility (untested): uses the same Denon/Marantz telnet AVR protocol
Marantz,SR6015,N/A,Theoretical compatibility (untested): uses the same Denon/Marantz telnet AVR protocol
Marantz,SR7010,N/A,"Theoretical compatibility (untested): uses the same Denon/Marantz telnet AVR protocol; older generation, some commands may differ"
Marantz,SR7012,N/A,"Theoretical compatibility (untested): uses the same Denon/Marantz telnet AVR protocol; older generation, some commands may differ"
Marantz,SR7013,N/A,"Theoretical compatibility (untested): uses the same Denon/Marantz telnet AVR protocol; older generation, some commands may differ"
Marantz,SR7015,N/A,Theoretical compatibility (untested): uses the same Denon/Marantz telnet AVR protocol
Marantz,SR8011,N/A,"Theoretical compatibility (untested): uses the same Denon/Marantz telnet AVR protocol; older generation, some commands may differ"
Marantz,SR8012,N/A,"Theoretical compatibility (untested): uses the same Denon/Marantz telnet AVR protocol; older generation, some commands may differ"
Marantz,SR8015,N/A,Theoretical compatibility (untested): uses the same Denon/Marantz telnet AVR protocol
